"Open","High","Low","Close","Volume","Adjusted","date"
4.94,4.94,4.94,4.94,0,4.18303,"2013-01-01"
4.94,4.94,4.94,4.94,0,4.18303,"2013-01-02"
4.94,4.94,4.94,4.94,0,4.18303,"2013-01-03"
5.02,5.12,4.99,5.06,186052100,4.28464,"2013-01-04"
5.06,5.16,5.05,5.06,98027600,4.28464,"2013-01-07"
5.09,5.1,4.96,4.98,72659300,4.2169,"2013-01-08"
4.98,4.99,4.89,4.91,85105400,4.15763,"2013-01-09"
4.91,4.94,4.87,4.9,75036200,4.14916,"2013-01-10"
4.92,4.94,4.82,4.85,61746300,4.10682,"2013-01-11"
4.84,5.08,4.83,5.04,103044000,4.26771,"2013-01-14"
5.03,5.11,5,5.04,101775700,4.26771,"2013-01-15"
5.03,5.06,4.83,4.96,68096200,4.19997,"2013-01-16"
4.94,4.95,4.85,4.89,86679300,4.14069,"2013-01-17"
4.93,5,4.91,4.97,59569100,4.20844,"2013-01-18"
4.98,5,4.92,4.99,88553600,4.22537,"2013-01-21"
4.96,5.19,4.93,5.05,187446700,4.27618,"2013-01-22"
5.03,5.1,5.02,5.09,87563000,4.31005,"2013-01-23"
5.1,5.25,5.05,5.1,198137000,4.31852,"2013-01-24"
5.1,5.13,5.03,5.09,58680200,4.31005,"2013-01-25"
5.1,5.25,5.09,5.24,135334400,4.43706,"2013-01-28"
5.26,5.27,5.17,5.24,165741400,4.43706,"2013-01-29"
5.23,5.31,5.18,5.29,139976600,4.4794,"2013-01-30"
5.3,5.44,5.29,5.4,170253700,4.57255,"2013-01-31"
5.4,5.57,5.35,5.56,153639800,4.70803,"2013-02-01"
5.57,5.68,5.53,5.54,138732400,4.69109,"2013-02-04"
5.5,5.55,5.35,5.38,186512900,4.55561,"2013-02-05"
5.41,5.44,5.34,5.43,96317800,4.59795,"2013-02-06"
5.42,5.43,5.2,5.28,139164300,4.47093,"2013-02-07"
5.28,5.32,5.22,5.28,81492400,4.47093,"2013-02-08"
5.28,5.28,5.28,5.28,0,4.47093,"2013-02-11"
5.28,5.28,5.28,5.28,0,4.47093,"2013-02-12"
5.28,5.28,5.28,5.28,0,4.47093,"2013-02-13"
5.28,5.28,5.28,5.28,0,4.47093,"2013-02-14"
5.28,5.28,5.28,5.28,0,4.47093,"2013-02-15"
5.3,5.39,5.28,5.28,98705600,4.47093,"2013-02-18"
5.28,5.32,5.19,5.22,73785200,4.42013,"2013-02-19"
5.25,5.25,5.09,5.18,113269000,4.38626,"2013-02-20"
5.11,5.13,4.92,4.95,137030200,4.1915,"2013-02-21"
4.96,5.04,4.94,4.97,82707600,4.20844,"2013-02-22"
5,5.03,4.94,4.98,39011100,4.2169,"2013-02-25"
4.95,5.06,4.91,4.92,88809900,4.1661,"2013-02-26"
4.93,5,4.87,4.88,108382900,4.13223,"2013-02-27"
4.93,5.04,4.89,5.03,135174500,4.25924,"2013-02-28"
5.03,5.06,4.92,4.98,87715500,4.2169,"2013-03-01"
4.9,4.96,4.7,4.74,195381000,4.01368,"2013-03-04"
4.75,4.94,4.75,4.93,159650800,4.17456,"2013-03-05"
4.94,4.96,4.87,4.92,120772900,4.1661,"2013-03-06"
4.88,4.9,4.7,4.78,118722300,4.04755,"2013-03-07"
4.79,4.81,4.76,4.79,50235200,4.05602,"2013-03-08"
4.79,4.79,4.72,4.74,41767300,4.01368,"2013-03-11"
4.75,4.8,4.69,4.72,77540000,3.99674,"2013-03-12"
4.71,4.73,4.68,4.69,42057400,3.97134,"2013-03-13"
4.68,4.72,4.67,4.71,45012800,3.98828,"2013-03-14"
4.7,4.87,4.68,4.73,92794100,4.00521,"2013-03-15"
4.72,4.76,4.65,4.66,82074300,3.94594,"2013-03-18"
4.67,4.71,4.66,4.69,60408000,3.97134,"2013-03-19"
4.7,4.89,4.69,4.88,168483100,4.13223,"2013-03-20"
4.89,4.91,4.83,4.86,83452100,4.11529,"2013-03-21"
4.86,4.88,4.83,4.86,55306900,4.11529,"2013-03-22"
4.88,4.92,4.87,4.9,60969900,4.14916,"2013-03-25"
4.88,4.9,4.79,4.8,71155600,4.06448,"2013-03-26"
4.81,4.91,4.81,4.86,65586000,4.11529,"2013-03-27"
4.75,4.75,4.65,4.69,135285200,3.97134,"2013-03-28"
4.7,4.73,4.68,4.71,41864300,3.98828,"2013-03-29"
4.69,4.71,4.66,4.69,42670000,3.97134,"2013-04-01"
4.7,4.73,4.68,4.71,43919400,3.98828,"2013-04-02"
4.72,4.77,4.71,4.73,41895700,4.00521,"2013-04-03"
4.73,4.73,4.73,4.73,0,4.00521,"2013-04-04"
4.73,4.73,4.73,4.73,0,4.00521,"2013-04-05"
4.68,4.71,4.65,4.68,69217200,3.96287,"2013-04-08"
4.7,4.73,4.68,4.69,47703700,3.97134,"2013-04-09"
4.69,4.7,4.65,4.67,35049800,3.95441,"2013-04-10"
4.69,4.71,4.66,4.66,39789600,3.94594,"2013-04-11"
4.67,4.68,4.63,4.65,35411700,3.93747,"2013-04-12"
4.65,4.68,4.61,4.67,62836200,3.95441,"2013-04-15"
4.65,4.67,4.61,4.63,65166900,3.92053,"2013-04-16"
4.64,4.64,4.57,4.58,61088500,3.8782,"2013-04-17"
4.56,4.63,4.55,4.62,50168800,3.91207,"2013-04-18"
4.63,4.77,4.61,4.73,105779500,4.00521,"2013-04-19"
4.73,4.74,4.71,4.72,44219500,3.99674,"2013-04-22"
4.73,4.74,4.59,4.59,52298100,3.88666,"2013-04-23"
4.61,4.69,4.59,4.65,48330900,3.93747,"2013-04-24"
4.64,4.66,4.59,4.65,56877700,3.93747,"2013-04-25"
4.66,4.67,4.61,4.63,41941400,3.92053,"2013-04-26"
4.63,4.63,4.63,4.63,0,3.92053,"2013-04-29"
4.63,4.63,4.63,4.63,0,3.92053,"2013-04-30"
4.63,4.63,4.63,4.63,0,3.92053,"2013-05-01"
4.64,4.66,4.62,4.64,39125800,3.929,"2013-05-02"
4.65,4.76,4.64,4.69,60095200,3.97134,"2013-05-03"
4.71,4.75,4.69,4.72,47030400,3.99674,"2013-05-06"
4.71,4.72,4.67,4.68,50010700,3.96287,"2013-05-07"
4.72,4.75,4.7,4.73,54415300,4.00521,"2013-05-08"
4.74,4.75,4.7,4.73,35515600,4.00521,"2013-05-09"
4.71,4.75,4.71,4.74,41714300,4.01368,"2013-05-10"
4.75,4.75,4.66,4.68,67771400,3.96287,"2013-05-13"
4.67,4.69,4.61,4.62,61657200,3.91207,"2013-05-14"
4.63,4.64,4.61,4.63,26938400,3.92053,"2013-05-15"
4.62,4.69,4.6,4.66,75794700,3.94594,"2013-05-16"
4.67,4.75,4.65,4.73,81894800,4.00521,"2013-05-17"
4.74,4.83,4.74,4.78,75891200,4.04755,"2013-05-20"
4.77,4.79,4.74,4.77,48520700,4.03908,"2013-05-21"
4.78,4.8,4.74,4.79,50850000,4.05602,"2013-05-22"
4.77,4.79,4.71,4.73,54419900,4.00521,"2013-05-23"
4.75,4.77,4.72,4.75,46997300,4.02215,"2013-05-24"
4.73,4.76,4.71,4.72,47012000,3.99674,"2013-05-27"
4.72,4.8,4.7,4.8,63175400,4.06448,"2013-05-28"
4.8,4.82,4.75,4.76,63484000,4.03061,"2013-05-29"
4.76,4.78,4.73,4.74,54870200,4.01368,"2013-05-30"
4.75,4.76,4.71,4.71,44121700,3.98828,"2013-05-31"
4.71,4.74,4.71,4.72,40972300,3.99674,"2013-06-03"
4.72,4.72,4.68,4.69,51176500,3.97134,"2013-06-04"
4.7,4.71,4.66,4.67,41254200,3.95441,"2013-06-05"
4.67,4.68,4.61,4.62,42585800,3.91207,"2013-06-06"
4.63,4.65,4.58,4.59,50292300,3.88666,"2013-06-07"
4.59,4.59,4.59,4.59,0,3.88666,"2013-06-10"
4.59,4.59,4.59,4.59,0,3.88666,"2013-06-11"
4.59,4.59,4.59,4.59,0,3.88666,"2013-06-12"
4.56,4.56,4.42,4.51,103918600,3.81892,"2013-06-13"
4.5,4.52,4.46,4.48,66955700,3.79352,"2013-06-14"
4.51,4.53,4.46,4.47,42538800,3.78505,"2013-06-17"
4.5,4.51,4.43,4.46,64550600,3.77658,"2013-06-18"
4.45,4.45,4.38,4.42,45965700,3.74271,"2013-06-19"
4.4,4.42,4.29,4.29,70553700,3.63263,"2013-06-20"
4.26,4.3,4.23,4.24,67055600,3.59029,"2013-06-21"
4.25,4.25,4.02,4.03,154616900,3.41247,"2013-06-24"
4.01,4.09,3.88,4.06,162959000,3.43788,"2013-06-25"
4.07,4.08,3.96,3.99,114501600,3.3786,"2013-06-26"
4.01,4.07,3.98,4,122022500,3.38707,"2013-06-27"
4.01,4.11,3.99,4.07,121707200,3.44634,"2013-06-28"
4.06,4.08,4.01,4.05,100444500,3.42941,"2013-07-01"
4.05,4.06,4.01,4.03,63784500,3.41247,"2013-07-02"
4.03,4.03,3.97,4,57169500,3.38707,"2013-07-03"
4,4.08,3.99,4.07,86875500,3.44634,"2013-07-04"
4.07,4.11,4.06,4.07,50345600,3.44634,"2013-07-05"
4.05,4.06,4.01,4.03,56358700,3.41247,"2013-07-08"
4.03,4.06,4.02,4.06,45891500,3.43788,"2013-07-09"
4.06,4.1,4.05,4.09,78530900,3.46328,"2013-07-10"
3.88,4.11,3.87,4.03,170979200,3.6252,"2013-07-11"
4.02,4.04,3.92,3.92,100184400,3.52625,"2013-07-12"
3.96,4.06,3.94,3.99,84409400,3.58922,"2013-07-15"
3.98,3.99,3.93,3.99,55055300,3.58922,"2013-07-16"
3.98,4.01,3.94,3.95,59084900,3.55324,"2013-07-17"
3.96,3.97,3.89,3.91,55373100,3.51725,"2013-07-18"
3.92,3.92,3.83,3.84,79325700,3.45428,"2013-07-19"
3.81,3.81,3.77,3.79,80978100,3.40931,"2013-07-22"
3.81,3.9,3.79,3.85,90339500,3.46328,"2013-07-23"
3.83,3.84,3.76,3.79,81327900,3.40931,"2013-07-24"
3.8,3.82,3.77,3.79,59363300,3.40931,"2013-07-25"
3.77,3.79,3.75,3.76,45712300,3.38232,"2013-07-26"
3.74,3.74,3.68,3.69,69150400,3.31935,"2013-07-29"
3.7,3.79,3.69,3.74,61979500,3.36433,"2013-07-30"
3.76,3.79,3.74,3.76,51705100,3.38232,"2013-07-31"
3.77,3.85,3.76,3.83,56254100,3.44529,"2013-08-01"
3.85,3.87,3.81,3.82,37705400,3.43629,"2013-08-02"
3.83,3.85,3.81,3.85,37269200,3.46328,"2013-08-05"
3.83,3.87,3.81,3.84,38372600,3.45428,"2013-08-06"
3.84,3.88,3.83,3.84,50901600,3.45428,"2013-08-07"
3.85,3.88,3.83,3.85,46444800,3.46328,"2013-08-08"
3.87,3.89,3.81,3.85,53078800,3.46328,"2013-08-09"
3.87,3.95,3.85,3.95,81568700,3.55324,"2013-08-12"
3.94,3.97,3.91,3.96,56607200,3.56223,"2013-08-13"
3.96,4,3.93,3.94,61134100,3.54424,"2013-08-14"
3.94,3.97,3.9,3.92,46886300,3.52625,"2013-08-15"
3.9,4.31,3.88,3.93,191556500,3.53524,"2013-08-16"
3.91,3.98,3.9,3.97,71839300,3.57123,"2013-08-19"
3.97,4.03,3.94,3.96,81614000,3.56223,"2013-08-20"
3.98,3.98,3.91,3.93,52416200,3.53524,"2013-08-21"
3.92,3.96,3.89,3.9,60066400,3.50826,"2013-08-22"
3.91,3.93,3.81,3.86,66324300,3.47228,"2013-08-23"
3.87,3.93,3.85,3.91,72175500,3.51725,"2013-08-26"
3.92,3.93,3.88,3.92,64712100,3.52625,"2013-08-27"
3.9,3.96,3.85,3.93,85445600,3.53524,"2013-08-28"
3.95,3.97,3.9,3.92,53405400,3.52625,"2013-08-29"
3.92,3.96,3.89,3.94,69242800,3.54424,"2013-08-30"
3.95,3.96,3.92,3.94,60751500,3.54424,"2013-09-02"
3.95,4,3.94,4,81336600,3.59821,"2013-09-03"
3.99,4.02,3.98,4,57580000,3.59821,"2013-09-04"
4,4,3.97,3.98,32696500,3.58022,"2013-09-05"
3.97,4.14,3.97,4.1,170336100,3.68817,"2013-09-06"
4.17,4.51,4.17,4.51,476720700,4.05699,"2013-09-09"
4.55,4.6,4.4,4.53,339822700,4.07498,"2013-09-10"
4.52,4.61,4.48,4.49,225854500,4.03899,"2013-09-11"
4.46,4.77,4.44,4.66,414188300,4.19192,"2013-09-12"
4.61,4.88,4.6,4.68,313158700,4.20991,"2013-09-13"
4.73,4.76,4.54,4.57,203134300,4.11096,"2013-09-16"
4.56,4.63,4.4,4.41,156734600,3.96703,"2013-09-17"
4.41,4.45,4.35,4.43,109374600,3.98502,"2013-09-18"
4.43,4.43,4.43,4.43,0,3.98502,"2013-09-20"
4.45,4.46,4.38,4.45,89742700,4.00301,"2013-09-23"
4.43,4.44,4.26,4.3,147878700,3.86808,"2013-09-24"
4.28,4.4,4.27,4.29,86776300,3.85908,"2013-09-25"
4.28,4.29,4.16,4.18,99898800,3.76013,"2013-09-26"
4.18,4.23,4.18,4.22,49272700,3.79611,"2013-09-27"
4.29,4.33,4.25,4.3,65572600,3.86808,"2013-09-30"
4.3,4.3,4.3,4.3,0,3.86808,"2013-10-01"
4.3,4.3,4.3,4.3,0,3.86808,"2013-10-02"
4.3,4.3,4.3,4.3,0,3.86808,"2013-10-03"
4.3,4.3,4.3,4.3,0,3.86808,"2013-10-04"
4.3,4.3,4.3,4.3,0,3.86808,"2013-10-07"
4.27,4.3,4.21,4.28,77736900,3.85009,"2013-10-08"
4.25,4.33,4.23,4.3,68029200,3.86808,"2013-10-09"
4.31,4.31,4.2,4.22,73969000,3.79611,"2013-10-10"
4.25,4.37,4.22,4.32,136890200,3.88607,"2013-10-11"
4.32,4.33,4.25,4.28,88580500,3.85009,"2013-10-14"
4.28,4.28,4.23,4.25,47455300,3.8231,"2013-10-15"
4.24,4.25,4.2,4.22,60907900,3.79611,"2013-10-16"
4.24,4.25,4.18,4.19,42504300,3.76913,"2013-10-17"
4.19,4.24,4.18,4.21,34843900,3.78712,"2013-10-18"
4.22,4.26,4.18,4.25,51320600,3.8231,"2013-10-21"
4.24,4.24,4.19,4.21,33992000,3.78712,"2013-10-22"
4.22,4.29,4.19,4.2,76549200,3.77812,"2013-10-23"
4.19,4.21,4.15,4.16,63212900,3.74214,"2013-10-24"
4.17,4.21,4.14,4.15,65366700,3.73315,"2013-10-25"
4.16,4.17,4.11,4.16,41611500,3.74214,"2013-10-28"
4.17,4.28,4.17,4.23,114035900,3.80511,"2013-10-29"
4.23,4.27,4.18,4.26,71394600,3.8321,"2013-10-30"
4.22,4.22,4.16,4.19,77430100,3.76913,"2013-10-31"
4.19,4.23,4.18,4.22,54462800,3.79611,"2013-11-01"
4.24,4.25,4.18,4.2,39245900,3.77812,"2013-11-04"
4.19,4.2,4.15,4.19,46775500,3.76913,"2013-11-05"
4.16,4.18,4.14,4.15,44484200,3.73315,"2013-11-06"
4.16,4.17,4.13,4.16,39708600,3.74214,"2013-11-07"
4.14,4.18,4.13,4.14,36287100,3.72415,"2013-11-08"
4.14,4.16,4.12,4.13,32393000,3.71515,"2013-11-11"
4.15,4.17,4.14,4.16,43252800,3.74214,"2013-11-12"
4.14,4.14,4.02,4.03,72473700,3.6252,"2013-11-13"
4.05,4.05,3.96,3.98,68949300,3.58022,"2013-11-14"
4,4.07,3.99,4.04,92351500,3.63419,"2013-11-15"
4.06,4.18,4.04,4.16,108672400,3.74214,"2013-11-18"
4.16,4.18,4.13,4.14,65615400,3.72415,"2013-11-19"
4.16,4.19,4.14,4.16,46128400,3.74214,"2013-11-20"
4.15,4.16,4.1,4.14,53210800,3.72415,"2013-11-21"
4.15,4.16,4.12,4.13,38758300,3.71515,"2013-11-22"
4.12,4.16,4.11,4.12,39223300,3.70616,"2013-11-25"
4.12,4.14,4.09,4.11,31497700,3.69716,"2013-11-26"
4.11,4.14,4.08,4.12,50964200,3.70616,"2013-11-27"
4.12,4.18,4.11,4.16,55101700,3.74214,"2013-11-28"
4.17,4.18,4.14,4.14,35187400,3.72415,"2013-11-29"
4.17,4.24,4.14,4.19,118384400,3.76913,"2013-12-02"
4.19,4.24,4.17,4.22,69548000,3.79611,"2013-12-03"
4.21,4.29,4.2,4.26,89297100,3.8321,"2013-12-04"
4.26,4.27,4.22,4.24,46360000,3.81411,"2013-12-05"
4.23,4.25,4.19,4.22,51801800,3.79611,"2013-12-06"
4.22,4.24,4.2,4.2,26095900,3.77812,"2013-12-09"
4.22,4.23,4.19,4.2,42966900,3.77812,"2013-12-10"
4.19,4.2,4.13,4.14,41372400,3.72415,"2013-12-11"
4.13,4.15,4.11,4.12,32602300,3.70616,"2013-12-12"
4.09,4.12,4.08,4.09,45631200,3.67917,"2013-12-13"
4.12,4.14,4.06,4.07,48584200,3.66118,"2013-12-16"
4.07,4.13,4.06,4.08,51348000,3.67018,"2013-12-17"
4.09,4.12,4.07,4.08,35682800,3.67018,"2013-12-18"
4.1,4.11,4.02,4.04,51498700,3.63419,"2013-12-19"
4.04,4.06,3.65,3.86,82661700,3.47228,"2013-12-20"
3.93,3.98,3.9,3.94,47384500,3.54424,"2013-12-23"
3.96,3.98,3.91,3.93,33875900,3.53524,"2013-12-24"
3.95,3.96,3.89,3.91,40420000,3.51725,"2013-12-25"
3.91,3.92,3.84,3.85,49026000,3.46328,"2013-12-26"
3.87,3.92,3.86,3.89,77578300,3.49926,"2013-12-27"
3.91,3.93,3.77,3.8,203907600,3.4183,"2013-12-30"
3.79,3.86,3.77,3.84,125516900,3.45428,"2013-12-31"
3.84,3.84,3.84,3.84,0,3.45428,"2014-01-01"
3.82,3.84,3.8,3.82,57317900,3.43629,"2014-01-02"
3.81,3.83,3.76,3.79,64039600,3.40931,"2014-01-03"
3.79,3.79,3.72,3.75,73494700,3.37332,"2014-01-06"
3.73,3.79,3.72,3.77,48477500,3.39132,"2014-01-07"
3.77,3.84,3.76,3.8,47952000,3.4183,"2014-01-08"
3.78,3.83,3.77,3.79,39753200,3.40931,"2014-01-09"
3.78,3.81,3.77,3.8,37357200,3.4183,"2014-01-10"
3.81,3.84,3.8,3.82,44518700,3.43629,"2014-01-13"
3.82,3.83,3.77,3.79,55034200,3.40931,"2014-01-14"
3.79,3.8,3.74,3.76,39736400,3.38232,"2014-01-15"
3.76,3.78,3.73,3.76,37814000,3.38232,"2014-01-16"
3.75,3.76,3.71,3.72,44992400,3.34634,"2014-01-17"
3.73,3.73,3.7,3.72,32265900,3.34634,"2014-01-20"
3.72,3.75,3.71,3.73,33321300,3.35533,"2014-01-21"
3.73,3.79,3.72,3.78,53780400,3.40031,"2014-01-22"
3.77,3.77,3.74,3.74,33085400,3.36433,"2014-01-23"
3.73,3.77,3.72,3.74,46876600,3.36433,"2014-01-24"
3.73,3.76,3.72,3.75,90916700,3.37332,"2014-01-27"
3.76,3.82,3.75,3.8,71124800,3.4183,"2014-01-28"
3.81,3.82,3.79,3.8,32012100,3.4183,"2014-01-29"
3.8,3.81,3.78,3.78,26525000,3.40031,"2014-01-30"
3.78,3.78,3.78,3.78,0,3.40031,"2014-01-31"
3.78,3.78,3.78,3.78,0,3.40031,"2014-02-03"
3.78,3.78,3.78,3.78,0,3.40031,"2014-02-05"
3.78,3.78,3.78,3.78,0,3.40031,"2014-02-06"
3.77,3.77,3.73,3.77,35350200,3.39132,"2014-02-07"
3.78,3.81,3.77,3.8,65539000,3.4183,"2014-02-10"
3.81,3.91,3.8,3.87,130768600,3.48127,"2014-02-11"
3.86,3.93,3.85,3.88,74340100,3.49027,"2014-02-12"
3.87,3.98,3.85,3.92,117624100,3.52625,"2014-02-13"
3.91,3.93,3.89,3.9,50428600,3.50826,"2014-02-14"
3.92,3.93,3.88,3.89,50578500,3.49926,"2014-02-17"
3.89,3.9,3.82,3.83,47238900,3.44529,"2014-02-18"
3.83,3.95,3.81,3.92,89208500,3.52625,"2014-02-19"
3.91,4.02,3.89,3.9,92178200,3.50826,"2014-02-20"
3.9,3.92,3.84,3.86,50811400,3.47228,"2014-02-21"
3.84,3.84,3.76,3.79,100610800,3.40931,"2014-02-24"
3.8,3.82,3.76,3.78,52877900,3.40031,"2014-02-25"
3.76,3.79,3.74,3.77,37262700,3.39132,"2014-02-26"
3.75,3.82,3.74,3.8,75112700,3.4183,"2014-02-27"
3.78,3.81,3.75,3.79,51510600,3.40931,"2014-02-28"
3.77,3.78,3.74,3.76,66013200,3.38232,"2014-03-03"
3.75,3.76,3.71,3.76,56782900,3.38232,"2014-03-04"
3.75,3.76,3.71,3.72,43951700,3.34634,"2014-03-05"
3.72,3.75,3.7,3.73,49919100,3.35533,"2014-03-06"
3.73,3.76,3.7,3.71,43874000,3.33734,"2014-03-07"
3.69,3.7,3.62,3.64,69157700,3.27437,"2014-03-10"
3.63,3.67,3.62,3.63,47821000,3.26538,"2014-03-11"
3.63,3.67,3.59,3.64,65225200,3.27437,"2014-03-12"
3.66,3.78,3.65,3.7,89483200,3.32835,"2014-03-13"
3.67,3.7,3.63,3.65,52148400,3.28337,"2014-03-14"
3.67,3.68,3.65,3.67,29287100,3.30136,"2014-03-17"
3.67,3.68,3.65,3.66,33024300,3.29236,"2014-03-18"
3.65,3.66,3.62,3.65,31832500,3.28337,"2014-03-19"
3.64,3.69,3.63,3.64,37494200,3.27437,"2014-03-20"
3.62,3.78,3.61,3.77,124537600,3.39132,"2014-03-21"
3.81,3.84,3.77,3.82,118043800,3.43629,"2014-03-24"
3.8,3.82,3.77,3.78,48919800,3.40031,"2014-03-25"
3.8,3.81,3.77,3.78,40895100,3.40031,"2014-03-26"
3.78,3.83,3.74,3.78,71222100,3.40031,"2014-03-27"
3.77,3.85,3.77,3.82,102641200,3.43629,"2014-03-28"
3.81,3.81,3.75,3.78,84760300,3.40031,"2014-03-31"
3.77,3.81,3.76,3.78,54590100,3.40031,"2014-04-01"
3.78,3.81,3.77,3.8,61663200,3.4183,"2014-04-02"
3.81,3.82,3.72,3.74,108936100,3.36433,"2014-04-03"
3.74,3.77,3.72,3.76,62512500,3.38232,"2014-04-04"
3.76,3.76,3.76,3.76,0,3.38232,"2014-04-07"
3.76,3.88,3.75,3.85,169960900,3.46328,"2014-04-08"
3.85,3.86,3.81,3.84,104337200,3.45428,"2014-04-09"
3.84,3.92,3.82,3.88,128549200,3.49027,"2014-04-10"
3.87,3.91,3.85,3.89,120642800,3.49926,"2014-04-11"
3.88,3.9,3.85,3.87,50910900,3.48127,"2014-04-14"
3.86,3.87,3.78,3.79,83116600,3.40931,"2014-04-15"
3.78,3.82,3.77,3.79,55878200,3.40931,"2014-04-16"
3.8,3.81,3.78,3.78,31771100,3.40031,"2014-04-17"
3.78,3.79,3.75,3.78,35952000,3.40031,"2014-04-18"
3.77,3.8,3.72,3.72,53998600,3.34634,"2014-04-21"
3.72,3.75,3.71,3.74,50759500,3.36433,"2014-04-22"
3.73,3.74,3.72,3.73,46225300,3.35533,"2014-04-23"
3.73,3.75,3.71,3.73,42153200,3.35533,"2014-04-24"
3.73,3.77,3.72,3.73,62428600,3.35533,"2014-04-25"
3.73,3.74,3.7,3.71,62301300,3.33734,"2014-04-28"
3.71,3.73,3.69,3.71,65084800,3.33734,"2014-04-29"
3.73,3.73,3.7,3.71,52252700,3.33734,"2014-04-30"
3.71,3.71,3.71,3.71,0,3.33734,"2014-05-01"
3.71,3.71,3.71,3.71,0,3.33734,"2014-05-02"
3.7,3.72,3.68,3.71,55226700,3.33734,"2014-05-05"
3.7,3.73,3.69,3.72,36467200,3.34634,"2014-05-06"
3.71,3.72,3.7,3.71,37415400,3.33734,"2014-05-07"
3.71,3.74,3.7,3.71,42747100,3.33734,"2014-05-08"
3.72,3.73,3.7,3.72,28823000,3.34634,"2014-05-09"
3.73,3.77,3.72,3.76,74044500,3.38232,"2014-05-12"
3.76,3.77,3.74,3.76,40800600,3.38232,"2014-05-13"
3.76,3.77,3.74,3.77,33504900,3.39132,"2014-05-14"
3.78,3.81,3.76,3.77,95394700,3.39132,"2014-05-15"
3.76,3.78,3.75,3.77,53572900,3.39132,"2014-05-16"
3.76,3.77,3.73,3.74,43408900,3.36433,"2014-05-19"
3.75,3.77,3.75,3.76,38452100,3.38232,"2014-05-20"
3.75,3.8,3.74,3.79,58584500,3.40931,"2014-05-21"
3.79,3.83,3.78,3.79,61886900,3.40931,"2014-05-22"
3.8,3.81,3.77,3.81,41430700,3.4273,"2014-05-23"
3.82,3.82,3.79,3.8,28966200,3.4183,"2014-05-26"
3.8,3.82,3.79,3.8,37120300,3.4183,"2014-05-27"
3.8,3.83,3.79,3.82,43124300,3.43629,"2014-05-28"
3.83,3.83,3.81,3.82,40613100,3.43629,"2014-05-29"
3.82,3.82,3.8,3.81,38037200,3.4273,"2014-05-30"
3.81,3.81,3.81,3.81,0,3.4273,"2014-06-02"
3.81,3.83,3.81,3.82,39803400,3.43629,"2014-06-03"
3.82,3.82,3.78,3.8,33324100,3.4183,"2014-06-04"
3.8,3.84,3.78,3.83,50595700,3.44529,"2014-06-05"
3.83,3.84,3.79,3.79,34315400,3.40931,"2014-06-06"
3.79,3.84,3.79,3.81,42259700,3.4273,"2014-06-09"
3.82,3.85,3.81,3.85,67243200,3.46328,"2014-06-10"
3.85,3.85,3.82,3.84,42414500,3.45428,"2014-06-11"
3.83,3.84,3.82,3.84,37552700,3.45428,"2014-06-12"
3.83,3.9,3.82,3.88,111573900,3.49027,"2014-06-13"
3.88,3.92,3.87,3.92,82670700,3.52625,"2014-06-16"
3.9,3.91,3.86,3.88,64162200,3.49027,"2014-06-17"
3.87,3.88,3.84,3.85,60579000,3.46328,"2014-06-18"
3.85,3.86,3.81,3.82,51299700,3.43629,"2014-06-19"
3.82,3.85,3.82,3.84,38578300,3.45428,"2014-06-20"
3.84,3.88,3.83,3.86,40106600,3.47228,"2014-06-23"
3.85,3.88,3.85,3.87,27723800,3.48127,"2014-06-24"
3.87,3.87,3.84,3.85,29116500,3.46328,"2014-06-25"
3.85,3.88,3.85,3.86,29941500,3.47228,"2014-06-26"
3.86,3.87,3.85,3.87,31932800,3.48127,"2014-06-27"
3.87,3.89,3.86,3.88,34364900,3.49027,"2014-06-30"
3.89,3.9,3.86,3.88,30677000,3.49027,"2014-07-01"
3.88,3.9,3.87,3.9,43619300,3.50826,"2014-07-02"
3.9,3.91,3.88,3.9,43733200,3.50826,"2014-07-03"
3.91,3.95,3.9,3.93,65847800,3.53524,"2014-07-04"
3.94,3.97,3.93,3.96,58243400,3.56223,"2014-07-07"
3.96,3.97,3.93,3.96,44475000,3.56223,"2014-07-08"
3.96,3.96,3.9,3.91,60596900,3.51725,"2014-07-09"
3.91,3.93,3.89,3.9,70417600,3.50826,"2014-07-10"
3.66,3.69,3.64,3.66,107036500,3.52753,"2014-07-11"
3.67,3.68,3.65,3.67,72031400,3.53717,"2014-07-14"
3.66,3.69,3.66,3.69,73078000,3.55645,"2014-07-15"
3.69,3.75,3.68,3.73,101465600,3.595,"2014-07-16"
3.73,3.73,3.68,3.7,50863500,3.56609,"2014-07-17"
3.68,3.72,3.68,3.71,40084300,3.57572,"2014-07-18"
3.7,3.71,3.68,3.69,29693800,3.55645,"2014-07-21"
3.68,3.72,3.68,3.7,43215100,3.56609,"2014-07-22"
3.7,3.74,3.7,3.72,56363500,3.58536,"2014-07-23"
3.73,3.83,3.72,3.82,146238800,3.68174,"2014-07-24"
3.82,3.85,3.81,3.84,71854400,3.70102,"2014-07-25"
3.9,4.22,3.9,4.22,577892000,4.06727,"2014-07-28"
4.35,4.57,4.25,4.5,767163000,4.33713,"2014-07-29"
4.38,4.52,4.36,4.39,460794300,4.23111,"2014-07-30"
4.39,4.62,4.35,4.6,508908700,4.43351,"2014-07-31"
4.55,4.6,4.46,4.47,373577700,4.30822,"2014-08-01"
4.5,4.55,4.4,4.5,246372300,4.33713,"2014-08-04"
4.45,4.5,4.38,4.42,249600200,4.26003,"2014-08-05"
4.38,4.42,4.33,4.4,178281300,4.24075,"2014-08-06"
4.41,4.45,4.35,4.36,170278100,4.2022,"2014-08-07"
4.35,4.45,4.35,4.4,175272200,4.24075,"2014-08-08"
4.4,4.46,4.4,4.42,146932200,4.26003,"2014-08-11"
4.4,4.41,4.34,4.35,153441700,4.19256,"2014-08-12"
4.35,4.38,4.26,4.31,135752300,4.15401,"2014-08-13"
4.33,4.34,4.28,4.29,98258400,4.13473,"2014-08-14"
4.3,4.34,4.27,4.32,91346200,4.16365,"2014-08-15"
4.33,4.38,4.31,4.33,92309700,4.17328,"2014-08-18"
4.33,4.34,4.26,4.3,89897000,4.14437,"2014-08-19"
4.29,4.3,4.26,4.28,73400000,4.12509,"2014-08-20"
4.27,4.28,4.22,4.25,91001800,4.09618,"2014-08-21"
4.24,4.27,4.22,4.27,65684400,4.11546,"2014-08-22"
4.27,4.27,4.2,4.21,85382500,4.05763,"2014-08-25"
4.2,4.27,4.2,4.24,92440200,4.08654,"2014-08-26"
4.23,4.24,4.2,4.21,55116500,4.05763,"2014-08-27"
4.21,4.23,4.14,4.14,92355500,3.99016,"2014-08-28"
4.16,4.2,4.14,4.19,63075500,4.03835,"2014-08-29"
4.2,4.22,4.16,4.2,64895700,4.04799,"2014-09-01"
4.21,4.35,4.18,4.35,165596900,4.19256,"2014-09-02"
4.33,4.42,4.32,4.35,149613700,4.19256,"2014-09-03"
4.35,4.38,4.33,4.37,71453000,4.21184,"2014-09-04"
4.38,4.41,4.36,4.4,88248300,4.24075,"2014-09-05"
4.4,4.4,4.4,4.4,0,4.24075,"2014-09-08"
4.4,4.41,4.33,4.34,76084900,4.18292,"2014-09-09"
4.35,4.36,4.28,4.31,90183500,4.15401,"2014-09-10"
4.31,4.38,4.29,4.31,92755800,4.15401,"2014-09-11"
4.31,4.33,4.27,4.32,53448400,4.16365,"2014-09-12"
4.33,4.35,4.29,4.31,96226600,4.15401,"2014-09-15"
4.32,4.39,4.29,4.3,165554000,4.14437,"2014-09-16"
4.31,4.33,4.29,4.31,86192400,4.15401,"2014-09-17"
4.31,4.47,4.3,4.39,282281100,4.23111,"2014-09-18"
4.39,4.41,4.36,4.4,116494900,4.24075,"2014-09-19"
4.37,4.38,4.25,4.27,117186700,4.11546,"2014-09-22"
4.26,4.29,4.23,4.27,65470500,4.11546,"2014-09-23"
4.25,4.36,4.24,4.33,163109800,4.17328,"2014-09-24"
4.36,4.38,4.32,4.32,106447400,4.16365,"2014-09-25"
4.31,4.33,4.27,4.3,64863900,4.14437,"2014-09-26"
4.3,4.33,4.27,4.3,119332300,4.14437,"2014-09-29"
4.3,4.31,4.27,4.29,83282000,4.13473,"2014-09-30"
4.29,4.29,4.29,4.29,0,4.13473,"2014-10-01"
4.29,4.29,4.29,4.29,0,4.13473,"2014-10-02"
4.29,4.29,4.29,4.29,0,4.13473,"2014-10-03"
4.29,4.29,4.29,4.29,0,4.13473,"2014-10-06"
4.29,4.29,4.29,4.29,0,4.13473,"2014-10-07"
4.3,4.3,4.26,4.3,92800300,4.14437,"2014-10-08"
4.3,4.31,4.27,4.29,71725300,4.13473,"2014-10-09"
4.27,4.29,4.25,4.26,87518600,4.10582,"2014-10-10"
4.24,4.25,4.2,4.23,84851100,4.0769,"2014-10-13"
4.21,4.25,4.19,4.21,80648200,4.05763,"2014-10-14"
4.2,4.25,4.19,4.23,65368500,4.0769,"2014-10-15"
4.21,4.31,4.2,4.24,136765100,4.08654,"2014-10-16"
4.23,4.25,4.16,4.21,97941600,4.05763,"2014-10-17"
4.22,4.24,4.21,4.22,51210800,4.06727,"2014-10-20"
4.23,4.24,4.2,4.21,52809400,4.05763,"2014-10-21"
4.22,4.24,4.2,4.22,56513800,4.06727,"2014-10-22"
4.22,4.25,4.19,4.19,89212300,4.03835,"2014-10-23"
4.2,4.23,4.19,4.2,61520000,4.04799,"2014-10-24"
4.2,4.21,4.11,4.14,97093800,3.99016,"2014-10-27"
4.13,4.18,4.13,4.18,71163300,4.02871,"2014-10-28"
4.19,4.25,4.17,4.23,103388300,4.0769,"2014-10-29"
4.22,4.3,4.2,4.28,164712000,4.12509,"2014-10-30"
4.28,4.47,4.27,4.41,338151600,4.25039,"2014-10-31"
4.42,4.43,4.35,4.37,164486600,4.21184,"2014-11-03"
4.38,4.39,4.31,4.34,134283500,4.18292,"2014-11-04"
4.34,4.35,4.31,4.32,79487400,4.16365,"2014-11-05"
4.33,4.34,4.28,4.31,71584500,4.15401,"2014-11-06"
4.32,4.41,4.3,4.33,194431400,4.17328,"2014-11-07"
4.39,4.46,4.38,4.44,230584400,4.2793,"2014-11-10"
4.48,4.88,4.47,4.71,616335100,4.53953,"2014-11-11"
4.65,4.7,4.55,4.65,230484200,4.4817,"2014-11-12"
4.66,4.75,4.61,4.64,194112500,4.47206,"2014-11-13"
4.64,4.65,4.54,4.6,151560200,4.43351,"2014-11-14"
4.64,4.65,4.48,4.5,195915100,4.33713,"2014-11-17"
4.51,4.51,4.36,4.38,189768900,4.22147,"2014-11-18"
4.36,4.4,4.35,4.37,96036900,4.21184,"2014-11-19"
4.35,4.4,4.34,4.38,122116400,4.22147,"2014-11-20"
4.37,4.45,4.35,4.43,145206300,4.26966,"2014-11-21"
4.37,4.47,4.34,4.43,337481100,4.26966,"2014-11-24"
4.42,4.51,4.39,4.49,251805500,4.32749,"2014-11-25"
4.49,4.7,4.48,4.65,398150800,4.4817,"2014-11-26"
4.73,4.87,4.71,4.85,593188300,4.67446,"2014-11-27"
4.88,5.34,4.84,5.34,961722600,5.14673,"2014-11-28"
5.46,5.8,5.38,5.42,874575400,5.22383,"2014-12-01"
5.36,5.96,5.34,5.96,798466500,5.74429,"2014-12-02"
5.97,6.23,5.68,5.86,845859700,5.64791,"2014-12-03"
5.84,6.2,5.68,6.19,722488200,5.96597,"2014-12-04"
6.25,6.59,6,6.25,938665700,6.02379,"2014-12-05"
6.1,6.4,6,6.3,723659200,6.07198,"2014-12-08"
6.16,6.39,5.67,5.69,864551100,5.48406,"2014-12-09"
5.69,5.89,5.35,5.76,683038900,5.55153,"2014-12-10"
5.6,5.84,5.53,5.64,482084900,5.43587,"2014-12-11"
5.65,5.83,5.61,5.69,352051600,5.48406,"2014-12-12"
5.6,5.64,5.44,5.57,347191400,5.36841,"2014-12-15"
5.6,5.8,5.59,5.8,566470400,5.59008,"2014-12-16"
5.85,6.28,5.78,6.15,965033200,5.92741,"2014-12-17"
6.24,6.25,5.95,6.07,649536700,5.85031,"2014-12-18"
6.07,6.28,5.97,6.21,616770300,5.98524,"2014-12-19"
6.23,6.75,6.15,6.51,872883000,6.27438,"2014-12-22"
6.38,6.54,6.16,6.17,543934300,5.94669,"2014-12-23"
6.18,6.22,5.72,5.84,500420300,5.62863,"2014-12-24"
5.95,6.14,5.8,6.08,434311700,5.85995,"2014-12-25"
6.08,6.35,6.04,6.32,481976900,6.09126,"2014-12-26"
6.54,6.73,6.2,6.34,791224500,6.11054,"2014-12-29"
6.32,6.67,6.27,6.61,637545700,6.37076,"2014-12-30"
6.68,6.88,6.53,6.8,702555000,6.55389,"2014-12-31"
